{"cameraMode":{"drawMode":0,"name":"Shaded","section":"Shading Mode"},"sceneLighting":false,"audioPlay":false,"sceneViewState":{"m_AlwaysRefresh":false,"showFog":true,"showSkybox":false,"showFlares":true,"showImageEffects":true,"showParticleSystems":true,"showVisualEffectGraphs":true,"m_FxEnabled":true},"in2DMode":false,"pivot":{"x":0.8867165446281433,"y":1.4586364030838013,"z":-7.365499019622803},"rotation":{"x":0.0002373726456426084,"y":-0.9993473291397095,"z":0.006305408664047718,"w":0.03596842288970947},"size":5.686879634857178,"orthographic":false}