{"cameraMode":{"drawMode":0,"name":"Shaded","section":"Shading Mode"},"sceneLighting":true,"audioPlay":false,"sceneViewState":{"m_AlwaysRefresh":false,"showFog":true,"showSkybox":true,"showFlares":true,"showImageEffects":true,"showParticleSystems":true,"showVisualEffectGraphs":true,"m_FxEnabled":true},"in2DMode":false,"pivot":{"x":-24.982450485229493,"y":10.242694854736329,"z":5.253433704376221},"rotation":{"x":0.22686436772346497,"y":0.6542947292327881,"z":-0.21559442579746247,"w":0.6884682774543762},"size":2.7434542179107668,"orthographic":false}