{"cameraMode":{"drawMode":0,"name":"Shaded","section":"Shading Mode"},"sceneLighting":true,"audioPlay":false,"sceneViewState":{"m_AlwaysRefresh":false,"showFog":true,"showSkybox":true,"showFlares":true,"showImageEffects":true,"showParticleSystems":true,"showVisualEffectGraphs":true,"m_FxEnabled":true},"in2DMode":false,"pivot":{"x":-0.16053874790668488,"y":0.982560932636261,"z":0.0754941925406456},"rotation":{"x":0.024680905044078828,"y":0.9722822308540344,"z":-0.12049829959869385,"w":0.19895552098751069},"size":0.7621504664421082,"orthographic":false}