{"cameraMode":{"drawMode":0,"name":"Shaded","section":"Shading Mode"},"sceneLighting":true,"audioPlay":false,"sceneViewState":{"m_AlwaysRefresh":false,"showFog":true,"showSkybox":true,"showFlares":true,"showImageEffects":true,"showParticleSystems":true,"showVisualEffectGraphs":true,"m_FxEnabled":true},"in2DMode":false,"pivot":{"x":372.29901123046877,"y":201.20645141601563,"z":-12.202213287353516},"rotation":{"x":0.015308783389627934,"y":-0.000547964998986572,"z":0.00002086402128043119,"w":0.9999029636383057},"size":273.8621520996094,"orthographic":false}