{"cameraMode":{"drawMode":0,"name":"Shaded","section":"Shading Mode"},"sceneLighting":true,"audioPlay":false,"sceneViewState":{"m_AlwaysRefresh":false,"showFog":true,"showSkybox":true,"showFlares":true,"showImageEffects":true,"showParticleSystems":true,"showVisualEffectGraphs":true,"m_FxEnabled":true},"in2DMode":false,"pivot":{"x":1.3941130638122559,"y":3.1524507999420168,"z":2.3779799938201906},"rotation":{"x":-0.2681214511394501,"y":-0.04967199265956879,"z":0.01384372916072607,"w":-0.9620168209075928},"size":4.472012519836426,"orthographic":false}