{"cameraMode":{"drawMode":0,"name":"Shaded","section":"Shading Mode"},"sceneLighting":true,"audioPlay":false,"sceneViewState":{"m_AlwaysRefresh":false,"showFog":true,"showSkybox":true,"showFlares":true,"showImageEffects":true,"showParticleSystems":true,"showVisualEffectGraphs":true,"m_FxEnabled":true},"in2DMode":false,"pivot":{"x":-0.9956660866737366,"y":0.7257306575775147,"z":0.8275470733642578},"rotation":{"x":-0.44866952300071719,"y":0.09776649624109268,"z":-0.04944717139005661,"w":-0.8869762420654297},"size":1.9760935306549073,"orthographic":false}