{"cameraMode":{"drawMode":0,"name":"Shaded","section":"Shading Mode"},"sceneLighting":true,"audioPlay":false,"sceneViewState":{"m_AlwaysRefresh":false,"showFog":true,"showSkybox":true,"showFlares":true,"showImageEffects":true,"showParticleSystems":true,"showVisualEffectGraphs":true,"m_FxEnabled":true},"in2DMode":false,"pivot":{"x":100.27483367919922,"y":1.7487258911132813,"z":51.10726547241211},"rotation":{"x":-0.7055498361587524,"y":-0.011056424118578434,"z":0.010986622422933579,"w":-0.7085027694702148},"size":38.49317169189453,"orthographic":false}