{"cameraMode":{"drawMode":0,"name":"Shaded","section":"Shading Mode"},"sceneLighting":false,"audioPlay":false,"sceneViewState":{"m_AlwaysRefresh":false,"showFog":true,"showSkybox":false,"showFlares":true,"showImageEffects":true,"showParticleSystems":true,"showVisualEffectGraphs":true,"m_FxEnabled":true},"in2DMode":false,"pivot":{"x":-0.1385211944580078,"y":2.10788631439209,"z":2.8502771854400636},"rotation":{"x":-0.024359041824936868,"y":0.9699145555496216,"z":-0.21618874371051789,"w":-0.10928164422512055},"size":1.4652466773986817,"orthographic":false}