{"cameraMode":{"drawMode":0,"name":"Shaded","section":"Shading Mode"},"sceneLighting":false,"audioPlay":false,"sceneViewState":{"m_AlwaysRefresh":false,"showFog":true,"showSkybox":false,"showFlares":true,"showImageEffects":true,"showParticleSystems":true,"showVisualEffectGraphs":true,"m_FxEnabled":true},"in2DMode":false,"pivot":{"x":-0.13895052671432496,"y":1.4031763076782227,"z":1.7575764656066895},"rotation":{"x":0.4578825533390045,"y":0.025044746696949006,"z":-0.012911317870020867,"w":0.888580858707428},"size":0.2032339721918106,"orthographic":false}