{"cameraMode":{"drawMode":0,"name":"Shaded","section":"Shading Mode"},"sceneLighting":false,"audioPlay":false,"sceneViewState":{"m_AlwaysRefresh":false,"showFog":true,"showSkybox":true,"showFlares":true,"showImageEffects":true,"showParticleSystems":true,"showVisualEffectGraphs":true,"m_FxEnabled":true},"in2DMode":false,"pivot":{"x":0.5525504946708679,"y":0.8575958013534546,"z":0.2632925808429718},"rotation":{"x":-0.12790118157863618,"y":0.5631265044212341,"z":-0.08874577283859253,"w":-0.8115782737731934},"size":0.949018120765686,"orthographic":false}