{"cameraMode":{"drawMode":0,"name":"Shaded","section":"Shading Mode"},"sceneLighting":false,"audioPlay":false,"sceneViewState":{"m_AlwaysRefresh":false,"showFog":true,"showSkybox":true,"showFlares":true,"showImageEffects":true,"showParticleSystems":true,"showVisualEffectGraphs":true,"m_FxEnabled":true},"in2DMode":false,"pivot":{"x":-50.83300018310547,"y":3.3985636234283449,"z":13.345236778259278},"rotation":{"x":0.004031481221318245,"y":-0.7406129240989685,"z":0.00444374093785882,"w":0.6719074249267578},"size":0.17711110413074494,"orthographic":false}