{"cameraMode":{"drawMode":0,"name":"Shaded","section":"Shading Mode"},"sceneLighting":false,"audioPlay":false,"sceneViewState":{"m_AlwaysRefresh":false,"showFog":true,"showSkybox":false,"showFlares":true,"showImageEffects":true,"showParticleSystems":true,"showVisualEffectGraphs":true,"m_FxEnabled":true},"in2DMode":false,"pivot":{"x":1.2061583995819092,"y":2.3872873783111574,"z":4.522629261016846},"rotation":{"x":-0.013342409394681454,"y":0.9857388138771057,"z":-0.09523078799247742,"w":-0.13810722529888154},"size":0.7866411805152893,"orthographic":false}