{"cameraMode":{"drawMode":0,"name":"Shaded","section":"Shading Mode"},"sceneLighting":false,"audioPlay":false,"sceneViewState":{"m_AlwaysRefresh":false,"showFog":true,"showSkybox":false,"showFlares":true,"showImageEffects":true,"showParticleSystems":true,"showVisualEffectGraphs":true,"m_FxEnabled":true},"in2DMode":false,"pivot":{"x":1.1036880016326905,"y":1.6089999675750733,"z":-2.264230489730835},"rotation":{"x":0.4578825533390045,"y":0.025044746696949006,"z":-0.012911317870020867,"w":0.888580858707428},"size":1.8912688493728638,"orthographic":false}