{"cameraMode":{"drawMode":0,"name":"Shaded","section":"Shading Mode"},"sceneLighting":false,"audioPlay":false,"sceneViewState":{"m_AlwaysRefresh":false,"showFog":true,"showSkybox":true,"showFlares":true,"showImageEffects":true,"showParticleSystems":true,"showVisualEffectGraphs":true,"m_FxEnabled":true},"in2DMode":false,"pivot":{"x":48.725982666015628,"y":6.347099304199219,"z":63.10834884643555},"rotation":{"x":0.718651294708252,"y":0.006258426699787378,"z":-0.0064676906913518909,"w":0.6953182816505432},"size":141.59214782714845,"orthographic":true}