{"cameraMode":{"drawMode":0,"name":"Shaded","section":"Shading Mode"},"sceneLighting":false,"audioPlay":false,"sceneViewState":{"m_AlwaysRefresh":false,"showFog":true,"showSkybox":true,"showFlares":true,"showImageEffects":true,"showParticleSystems":true,"showVisualEffectGraphs":true,"m_FxEnabled":true},"in2DMode":false,"pivot":{"x":48.725982666015628,"y":6.347099304199219,"z":63.10834884643555},"rotation":{"x":0.7551538944244385,"y":0.0029503393452614547,"z":-0.003397912485525012,"w":0.6555353403091431},"size":53.35250473022461,"orthographic":true}