{"cameraMode":{"drawMode":0,"name":"Shaded","section":"Shading Mode"},"sceneLighting":false,"audioPlay":false,"sceneViewState":{"m_AlwaysRefresh":false,"showFog":true,"showSkybox":true,"showFlares":true,"showImageEffects":true,"showParticleSystems":true,"showVisualEffectGraphs":true,"m_FxEnabled":true},"in2DMode":false,"pivot":{"x":0.0903346911072731,"y":1.6949551105499268,"z":0.15831205248832704},"rotation":{"x":0.09989368915557862,"y":0.7365833520889282,"z":-0.1115579903125763,"w":0.659581184387207},"size":0.32864582538604739,"orthographic":false}