{"cameraMode":{"drawMode":0,"name":"Shaded","section":"Shading Mode"},"sceneLighting":false,"audioPlay":false,"sceneViewState":{"m_AlwaysRefresh":false,"showFog":true,"showSkybox":false,"showFlares":true,"showImageEffects":true,"showParticleSystems":true,"showVisualEffectGraphs":true,"m_FxEnabled":true},"in2DMode":false,"pivot":{"x":-7.071999549865723,"y":0.7062287330627441,"z":-1.5660598278045655},"rotation":{"x":0.5071330070495606,"y":-0.19447210431098939,"z":0.11864104866981507,"w":0.8312326073646545},"size":0.9201854467391968,"orthographic":false}